[{"pos_x": 82.3216, "pos_y": -150.6908, "rotation": 180.0, "side": "bottom", "designator": "L1", "mpn": null, "pack": "LQFP44_Tight", "value": "CH446Q", "mount_type": "smt", "place": true}, {"pos_x": 49.0832, "pos_y": -129.4185, "rotation": 90.0, "side": "bottom", "designator": "U5", "mpn": null, "pack": "SOT-23-6", "value": "MCP4725", "mount_type": "smt", "place": true}, {"pos_x": 94.9356, "pos_y": -151.1294, "rotation": 90.0, "side": "top", "designator": "D23", "mpn": null, "pack": "LED_WS2812B-2020_PLCC4_2.0x2.0mm", "value": "WS2812B", "mount_type": "smt", "place": true}, {"pos_x": 54.2214, "pos_y": -168.9088, "rotation": 90.0, "side": "top", "designator": "D37", "mpn": null, "pack": "LED_WS2812B-2020_PLCC4_2.0x2.0mm", "value": "WS2812B", "mount_type": "smt", "place": true}, {"pos_x": 87.3078, "pos_y": -151.1306, "rotation": 90.0, "side": "top", "designator": "D20", "mpn": null, "pack": "LED_WS2812B-2020_PLCC4_2.0x2.0mm", "value": "WS2812B", "mount_type": "smt", "place": true}, {"pos_x": 100.0156, "pos_y": -151.1294, "rotation": 90.0, "side": "top", "designator": "D25", "mpn": null, "pack": "LED_WS2812B-2020_PLCC4_2.0x2.0mm", "value": "WS2812B", "mount_type": "smt", "place": true}, {"pos_x": 44.0614, "pos_y": -168.9088, "rotation": 90.0, "side": "top", "designator": "D33", "mpn": null, "pack": "LED_WS2812B-2020_PLCC4_2.0x2.0mm", "value": "WS2812B", "mount_type": "smt", "place": true}, {"pos_x": 112.6824, "pos_y": -168.9094, "rotation": 90.0, "side": "top", "designator": "D60", "mpn": null, "pack": "LED_WS2812B-2020_PLCC4_2.0x2.0mm", "value": "WS2812B", "mount_type": "smt", "place": true}, {"pos_x": 51.6814, "pos_y": -168.9088, "rotation": 90.0, "side": "top", "designator": "D36", "mpn": null, "pack": "LED_WS2812B-2020_PLCC4_2.0x2.0mm", "value": "WS2812B", "mount_type": "smt", "place": true}, {"pos_x": 60.63, "pos_y": -138.43, "rotation": 180.0, "side": "top", "designator": "D83", "mpn": null, "pack": "LED_WS2812B-2020_PLCC4_2.0x2.0mm", "value": "WS2812B", "mount_type": "smt", "place": true}, {"pos_x": 46.6014, "pos_y": -168.9088, "rotation": 90.0, "side": "top", "designator": "D34", "mpn": null, "pack": "LED_WS2812B-2020_PLCC4_2.0x2.0mm", "value": "WS2812B", "mount_type": "smt", "place": true}, {"pos_x": 91.11, "pos_y": -181.61, "rotation": 180.0, "side": "top", "designator": "D73", "mpn": null, "pack": "LED_WS2812B-2020_PLCC4_2.0x2.0mm", "value": "WS2812B", "mount_type": "smt", "place": true}, {"pos_x": 66.9878, "pos_y": -151.1306, "rotation": 90.0, "side": "top", "designator": "D12", "mpn": null, "pack": "LED_WS2812B-2020_PLCC4_2.0x2.0mm", "value": "WS2812B", "mount_type": "smt", "place": true}, {"pos_x": 92.38, "pos_y": -121.285, "rotation": 180.0, "side": "top", "designator": "J1", "mpn": null, "pack": "PinHeader_1x03_P2.54mm_Vertical", "value": "Debug", "mount_type": "tht", "place": true}, {"pos_x": 64.44, "pos_y": -151.1306, "rotation": 90.0, "side": "top", "designator": "D11", "mpn": null, "pack": "LED_WS2812B-2020_PLCC4_2.0x2.0mm", "value": "WS2812B", "mount_type": "smt", "place": true}, {"pos_x": 75.87, "pos_y": -135.89, "rotation": 180.0, "side": "top", "designator": "D85", "mpn": null, "pack": "LED_WS2812B-2020_PLCC4_2.0x2.0mm", "value": "WS2812B", "mount_type": "smt", "place": true}, {"pos_x": 41.5214, "pos_y": -168.9088, "rotation": 90.0, "side": "top", "designator": "D32", "mpn": null, "pack": "LED_WS2812B-2020_PLCC4_2.0x2.0mm", "value": "WS2812B", "mount_type": "smt", "place": true}, {"pos_x": 45.3894, "pos_y": -181.61, "rotation": 180.0, "side": "top", "designator": "D80", "mpn": null, "pack": "LED_WS2812B-2020_PLCC4_2.0x2.0mm", "value": "WS2812B", "mount_type": "smt", "place": true}, {"pos_x": 59.3512, "pos_y": -151.13, "rotation": 90.0, "side": "top", "designator": "D9", "mpn": null, "pack": "LED_WS2812B-2020_PLCC4_2.0x2.0mm", "value": "WS2812B", "mount_type": "smt", "place": true}, {"pos_x": 69.5278, "pos_y": -151.1306, "rotation": 90.0, "side": "top", "designator": "D13", "mpn": null, "pack": "LED_WS2812B-2020_PLCC4_2.0x2.0mm", "value": "WS2812B", "mount_type": "smt", "place": true}, {"pos_x": 107.6356, "pos_y": -151.1294, "rotation": 90.0, "side": "top", "designator": "D28", "mpn": null, "pack": "LED_WS2812B-2020_PLCC4_2.0x2.0mm", "value": "WS2812B", "mount_type": "smt", "place": true}, {"pos_x": 107.6024, "pos_y": -168.9094, "rotation": 90.0, "side": "top", "designator": "D58", "mpn": null, "pack": "LED_WS2812B-2020_PLCC4_2.0x2.0mm", "value": "WS2812B", "mount_type": "smt", "place": true}, {"pos_x": 91.11, "pos_y": -184.15, "rotation": 180.0, "side": "top", "designator": "D74", "mpn": null, "pack": "LED_WS2812B-2020_PLCC4_2.0x2.0mm", "value": "WS2812B", "mount_type": "smt", "place": true}, {"pos_x": 91.11, "pos_y": -135.89, "rotation": 180.0, "side": "top", "designator": "D88", "mpn": null, "pack": "LED_WS2812B-2020_PLCC4_2.0x2.0mm", "value": "WS2812B", "mount_type": "smt", "place": true}, {"pos_x": 80.442, "pos_y": -122.428, "rotation": 90.0, "side": "top", "designator": "U1", "mpn": null, "pack": "DIP-8_W7.62mm", "value": "LT1054", "mount_type": "tht", "place": true}, {"pos_x": 38.9736, "pos_y": -168.9088, "rotation": 90.0, "side": "top", "designator": "D31", "mpn": null, "pack": "LED_WS2812B-2020_PLCC4_2.0x2.0mm", "value": "WS2812B", "mount_type": "smt", "place": true}, {"pos_x": 56.8112, "pos_y": -151.13, "rotation": 90.0, "side": "top", "designator": "D8", "mpn": null, "pack": "LED_WS2812B-2020_PLCC4_2.0x2.0mm", "value": "WS2812B", "mount_type": "smt", "place": true}, {"pos_x": 82.178, "pos_y": -168.9106, "rotation": 90.0, "side": "top", "designator": "D48", "mpn": null, "pack": "LED_WS2812B-2020_PLCC4_2.0x2.0mm", "value": "WS2812B", "mount_type": "smt", "place": true}, {"pos_x": 110.0015, "pos_y": -111.9435, "rotation": 135.0, "side": "top", "designator": "J5", "mpn": null, "pack": "USB_Mini-B_Wuerth_65100516121_Horizontal", "value": "USB_B_Mini", "mount_type": "smt", "place": true}, {"pos_x": 112.7156, "pos_y": -151.1294, "rotation": 90.0, "side": "top", "designator": "D30", "mpn": null, "pack": "LED_WS2812B-2020_PLCC4_2.0x2.0mm", "value": "WS2812B", "mount_type": "smt", "place": true}, {"pos_x": 106.35, "pos_y": -184.15, "rotation": 180.0, "side": "top", "designator": "D71", "mpn": null, "pack": "LED_WS2812B-2020_PLCC4_2.0x2.0mm", "value": "WS2812B", "mount_type": "smt", "place": true}, {"pos_x": 49.1414, "pos_y": -168.9088, "rotation": 90.0, "side": "top", "designator": "D35", "mpn": null, "pack": "LED_WS2812B-2020_PLCC4_2.0x2.0mm", "value": "WS2812B", "mount_type": "smt", "place": true}, {"pos_x": 39.0312, "pos_y": -151.13, "rotation": 90.0, "side": "top", "designator": "D1", "mpn": null, "pack": "LED_WS2812B-2020_PLCC4_2.0x2.0mm", "value": "WS2812B", "mount_type": "smt", "place": true}, {"pos_x": 64.3892, "pos_y": -168.9094, "rotation": 90.0, "side": "top", "designator": "D41", "mpn": null, "pack": "LED_WS2812B-2020_PLCC4_2.0x2.0mm", "value": "WS2812B", "mount_type": "smt", "place": true}, {"pos_x": 44.1112, "pos_y": -151.13, "rotation": 90.0, "side": "top", "designator": "D3", "mpn": null, "pack": "LED_WS2812B-2020_PLCC4_2.0x2.0mm", "value": "WS2812B", "mount_type": "smt", "place": true}, {"pos_x": 84.718, "pos_y": -168.9106, "rotation": 90.0, "side": "top", "designator": "D49", "mpn": null, "pack": "LED_WS2812B-2020_PLCC4_2.0x2.0mm", "value": "WS2812B", "mount_type": "smt", "place": true}, {"pos_x": 67.996, "pos_y": -118.11, "rotation": -90.0, "side": "top", "designator": "C3", "mpn": null, "pack": "CP_EIA-6032-20_AVX-F_Pad2.25x2.35mm_HandSolder", "value": "10uF", "mount_type": "smt", "place": true}, {"pos_x": 72.314, "pos_y": -118.11, "rotation": -90.0, "side": "top", "designator": "C2", "mpn": null, "pack": "CP_EIA-6032-20_AVX-F_Pad2.25x2.35mm_HandSolder", "value": "10uF", "mount_type": "smt", "place": true}, {"pos_x": 106.35, "pos_y": -181.61, "rotation": 180.0, "side": "top", "designator": "D72", "mpn": null, "pack": "LED_WS2812B-2020_PLCC4_2.0x2.0mm", "value": "WS2812B", "mount_type": "smt", "place": true}, {"pos_x": 51.7312, "pos_y": -151.13, "rotation": 90.0, "side": "top", "designator": "D6", "mpn": null, "pack": "LED_WS2812B-2020_PLCC4_2.0x2.0mm", "value": "WS2812B", "mount_type": "smt", "place": true}, {"pos_x": 37.388, "pos_y": -120.936, "rotation": 0.0, "side": "top", "designator": "SW2", "mpn": null, "pack": "Slide_Switch_SSSS223600", "value": "SW_DP3T", "mount_type": "tht", "place": true}, {"pos_x": 59.3014, "pos_y": -168.9088, "rotation": 90.0, "side": "top", "designator": "D39", "mpn": null, "pack": "LED_WS2812B-2020_PLCC4_2.0x2.0mm", "value": "WS2812B", "mount_type": "smt", "place": true}, {"pos_x": 75.87, "pos_y": -138.43, "rotation": 180.0, "side": "top", "designator": "D86", "mpn": null, "pack": "LED_WS2812B-2020_PLCC4_2.0x2.0mm", "value": "WS2812B", "mount_type": "smt", "place": true}, {"pos_x": 97.4424, "pos_y": -168.9094, "rotation": 90.0, "side": "top", "designator": "D54", "mpn": null, "pack": "LED_WS2812B-2020_PLCC4_2.0x2.0mm", "value": "WS2812B", "mount_type": "smt", "place": true}, {"pos_x": 40.1448, "pos_y": -108.7248, "rotation": -45.0, "side": "top", "designator": "J2", "mpn": null, "pack": "PinHeader_1x02_P2.54mm_Vertical", "value": "Conn_01x02", "mount_type": "tht", "place": true}, {"pos_x": 79.6878, "pos_y": -151.1306, "rotation": 90.0, "side": "top", "designator": "D17", "mpn": null, "pack": "LED_WS2812B-2020_PLCC4_2.0x2.0mm", "value": "WS2812B", "mount_type": "smt", "place": true}, {"pos_x": 47.93, "pos_y": -179.07, "rotation": 0.0, "side": "top", "designator": "FID1", "mpn": null, "pack": "Fiducial_1mm_Mask2mm", "value": "Fiducial", "mount_type": "smt", "place": true}, {"pos_x": 77.098, "pos_y": -168.9106, "rotation": 90.0, "side": "top", "designator": "D46", "mpn": null, "pack": "LED_WS2812B-2020_PLCC4_2.0x2.0mm", "value": "WS2812B", "mount_type": "smt", "place": true}, {"pos_x": 89.8478, "pos_y": -151.1294, "rotation": 90.0, "side": "top", "designator": "D21", "mpn": null, "pack": "LED_WS2812B-2020_PLCC4_2.0x2.0mm", "value": "WS2812B", "mount_type": "smt", "place": true}, {"pos_x": 97.4756, "pos_y": -151.1294, "rotation": 90.0, "side": "top", "designator": "D24", "mpn": null, "pack": "LED_WS2812B-2020_PLCC4_2.0x2.0mm", "value": "WS2812B", "mount_type": "smt", "place": true}, {"pos_x": 82.2278, "pos_y": -151.1306, "rotation": 90.0, "side": "top", "designator": "D18", "mpn": null, "pack": "LED_WS2812B-2020_PLCC4_2.0x2.0mm", "value": "WS2812B", "mount_type": "smt", "place": true}, {"pos_x": 102.5224, "pos_y": -168.9094, "rotation": 90.0, "side": "top", "designator": "D56", "mpn": null, "pack": "LED_WS2812B-2020_PLCC4_2.0x2.0mm", "value": "WS2812B", "mount_type": "smt", "place": true}, {"pos_x": 61.8414, "pos_y": -168.9088, "rotation": 90.0, "side": "top", "designator": "D40", "mpn": null, "pack": "LED_WS2812B-2020_PLCC4_2.0x2.0mm", "value": "WS2812B", "mount_type": "smt", "place": true}, {"pos_x": 70.536, "pos_y": -106.1974, "rotation": 90.0, "side": "top", "designator": "J3", "mpn": null, "pack": "PinHeader_1x06_P2.54mm_Vertical", "value": "SERIAL-USB", "mount_type": "tht", "place": true}, {"pos_x": 87.2658, "pos_y": -168.9106, "rotation": 90.0, "side": "top", "designator": "D50", "mpn": null, "pack": "LED_WS2812B-2020_PLCC4_2.0x2.0mm", "value": "WS2812B", "mount_type": "smt", "place": true}, {"pos_x": 92.3624, "pos_y": -168.9094, "rotation": 90.0, "side": "top", "designator": "D52", "mpn": null, "pack": "LED_WS2812B-2020_PLCC4_2.0x2.0mm", "value": "WS2812B", "mount_type": "smt", "place": true}, {"pos_x": 66.938, "pos_y": -168.9106, "rotation": 90.0, "side": "top", "designator": "D42", "mpn": null, "pack": "LED_WS2812B-2020_PLCC4_2.0x2.0mm", "value": "WS2812B", "mount_type": "smt", "place": true}, {"pos_x": 61.8912, "pos_y": -151.13, "rotation": 90.0, "side": "top", "designator": "D10", "mpn": null, "pack": "LED_WS2812B-2020_PLCC4_2.0x2.0mm", "value": "WS2812B", "mount_type": "smt", "place": true}, {"pos_x": 74.6078, "pos_y": -151.1306, "rotation": 90.0, "side": "top", "designator": "D15", "mpn": null, "pack": "LED_WS2812B-2020_PLCC4_2.0x2.0mm", "value": "WS2812B", "mount_type": "smt", "place": true}, {"pos_x": 49.1912, "pos_y": -151.13, "rotation": 90.0, "side": "top", "designator": "D5", "mpn": null, "pack": "LED_WS2812B-2020_PLCC4_2.0x2.0mm", "value": "WS2812B", "mount_type": "smt", "place": true}, {"pos_x": 99.9824, "pos_y": -168.9094, "rotation": 90.0, "side": "top", "designator": "D55", "mpn": null, "pack": "LED_WS2812B-2020_PLCC4_2.0x2.0mm", "value": "WS2812B", "mount_type": "smt", "place": true}, {"pos_x": 77.1478, "pos_y": -151.1306, "rotation": 90.0, "side": "top", "designator": "D16", "mpn": null, "pack": "LED_WS2812B-2020_PLCC4_2.0x2.0mm", "value": "WS2812B", "mount_type": "smt", "place": true}, {"pos_x": 84.7678, "pos_y": -151.1306, "rotation": 90.0, "side": "top", "designator": "D19", "mpn": null, "pack": "LED_WS2812B-2020_PLCC4_2.0x2.0mm", "value": "WS2812B", "mount_type": "smt", "place": true}, {"pos_x": 74.558, "pos_y": -168.9106, "rotation": 90.0, "side": "top", "designator": "D45", "mpn": null, "pack": "LED_WS2812B-2020_PLCC4_2.0x2.0mm", "value": "WS2812B", "mount_type": "smt", "place": true}, {"pos_x": 94.9024, "pos_y": -168.9094, "rotation": 90.0, "side": "top", "designator": "D53", "mpn": null, "pack": "LED_WS2812B-2020_PLCC4_2.0x2.0mm", "value": "WS2812B", "mount_type": "smt", "place": true}, {"pos_x": 69.478, "pos_y": -168.9106, "rotation": 90.0, "side": "top", "designator": "D43", "mpn": null, "pack": "LED_WS2812B-2020_PLCC4_2.0x2.0mm", "value": "WS2812B", "mount_type": "smt", "place": true}, {"pos_x": 72.0678, "pos_y": -151.1306, "rotation": 90.0, "side": "top", "designator": "D14", "mpn": null, "pack": "LED_WS2812B-2020_PLCC4_2.0x2.0mm", "value": "WS2812B", "mount_type": "smt", "place": true}, {"pos_x": 91.11, "pos_y": -138.43, "rotation": 180.0, "side": "top", "designator": "D87", "mpn": null, "pack": "LED_WS2812B-2020_PLCC4_2.0x2.0mm", "value": "WS2812B", "mount_type": "smt", "place": true}, {"pos_x": 56.7614, "pos_y": -168.9088, "rotation": 90.0, "side": "top", "designator": "D38", "mpn": null, "pack": "LED_WS2812B-2020_PLCC4_2.0x2.0mm", "value": "WS2812B", "mount_type": "smt", "place": true}, {"pos_x": 46.6512, "pos_y": -151.13, "rotation": 90.0, "side": "top", "designator": "D4", "mpn": null, "pack": "LED_WS2812B-2020_PLCC4_2.0x2.0mm", "value": "WS2812B", "mount_type": "smt", "place": true}, {"pos_x": 45.39, "pos_y": -138.43, "rotation": 180.0, "side": "top", "designator": "D82", "mpn": null, "pack": "LED_WS2812B-2020_PLCC4_2.0x2.0mm", "value": "WS2812B", "mount_type": "smt", "place": true}, {"pos_x": 54.2712, "pos_y": -151.13, "rotation": 90.0, "side": "top", "designator": "D7", "mpn": null, "pack": "LED_WS2812B-2020_PLCC4_2.0x2.0mm", "value": "WS2812B", "mount_type": "smt", "place": true}, {"pos_x": 103.81, "pos_y": -179.07, "rotation": 0.0, "side": "top", "designator": "FID5", "mpn": null, "pack": "Fiducial_1mm_Mask2mm", "value": "Fiducial", "mount_type": "smt", "place": true}, {"pos_x": 45.39, "pos_y": -135.89, "rotation": 180.0, "side": "top", "designator": "D81", "mpn": null, "pack": "LED_WS2812B-2020_PLCC4_2.0x2.0mm", "value": "WS2812B", "mount_type": "smt", "place": true}, {"pos_x": 72.018, "pos_y": -168.9106, "rotation": 90.0, "side": "top", "designator": "D44", "mpn": null, "pack": "LED_WS2812B-2020_PLCC4_2.0x2.0mm", "value": "WS2812B", "mount_type": "smt", "place": true}, {"pos_x": 41.5712, "pos_y": -151.13, "rotation": 90.0, "side": "top", "designator": "D2", "mpn": null, "pack": "LED_WS2812B-2020_PLCC4_2.0x2.0mm", "value": "WS2812B", "mount_type": "smt", "place": true}, {"pos_x": 105.0956, "pos_y": -151.1294, "rotation": 90.0, "side": "top", "designator": "D27", "mpn": null, "pack": "LED_WS2812B-2020_PLCC4_2.0x2.0mm", "value": "WS2812B", "mount_type": "smt", "place": true}, {"pos_x": 89.8146, "pos_y": -168.9094, "rotation": 90.0, "side": "top", "designator": "D51", "mpn": null, "pack": "LED_WS2812B-2020_PLCC4_2.0x2.0mm", "value": "WS2812B", "mount_type": "smt", "place": true}, {"pos_x": 92.3956, "pos_y": -151.1294, "rotation": 90.0, "side": "top", "designator": "D22", "mpn": null, "pack": "LED_WS2812B-2020_PLCC4_2.0x2.0mm", "value": "WS2812B", "mount_type": "smt", "place": true}, {"pos_x": 105.0624, "pos_y": -168.9094, "rotation": 90.0, "side": "top", "designator": "D57", "mpn": null, "pack": "LED_WS2812B-2020_PLCC4_2.0x2.0mm", "value": "WS2812B", "mount_type": "smt", "place": true}, {"pos_x": 76.759, "pos_y": -118.11, "rotation": -90.0, "side": "top", "designator": "C5", "mpn": null, "pack": "CP_EIA-6032-20_AVX-F_Pad2.25x2.35mm_HandSolder", "value": "10uF", "mount_type": "smt", "place": true}, {"pos_x": 75.87, "pos_y": -160.02, "rotation": 0.0, "side": "top", "designator": "J4", "mpn": null, "pack": "Breadboard_CustomClips_Fallback", "value": "Breadboard", "mount_type": "smt", "place": true}, {"pos_x": 79.638, "pos_y": -168.9106, "rotation": 90.0, "side": "top", "designator": "D47", "mpn": null, "pack": "LED_WS2812B-2020_PLCC4_2.0x2.0mm", "value": "WS2812B", "mount_type": "smt", "place": true}, {"pos_x": 93.396, "pos_y": -110.911, "rotation": -90.0, "side": "top", "designator": "A1", "mpn": null, "pack": "Arduino_Nano", "value": "Arduino_Nano_v3.x", "mount_type": "tht", "place": true}, {"pos_x": 45.39, "pos_y": -184.15, "rotation": 180.0, "side": "top", "designator": "D79", "mpn": null, "pack": "LED_WS2812B-2020_PLCC4_2.0x2.0mm", "value": "WS2812B", "mount_type": "smt", "place": true}, {"pos_x": 60.63, "pos_y": -181.61, "rotation": 180.0, "side": "top", "designator": "D77", "mpn": null, "pack": "LED_WS2812B-2020_PLCC4_2.0x2.0mm", "value": "WS2812B", "mount_type": "smt", "place": true}, {"pos_x": 60.63, "pos_y": -135.89, "rotation": 180.0, "side": "top", "designator": "D84", "mpn": null, "pack": "LED_WS2812B-2020_PLCC4_2.0x2.0mm", "value": "WS2812B", "mount_type": "smt", "place": true}, {"pos_x": 75.87, "pos_y": -181.61, "rotation": 180.0, "side": "top", "designator": "D76", "mpn": null, "pack": "LED_WS2812B-2020_PLCC4_2.0x2.0mm", "value": "WS2812B", "mount_type": "smt", "place": true}, {"pos_x": 96.19, "pos_y": -109.22, "rotation": 0.0, "side": "top", "designator": "FID6", "mpn": null, "pack": "Fiducial_1mm_Mask2mm", "value": "Fiducial", "mount_type": "smt", "place": true}, {"pos_x": 102.5556, "pos_y": -151.1294, "rotation": 90.0, "side": "top", "designator": "D26", "mpn": null, "pack": "LED_WS2812B-2020_PLCC4_2.0x2.0mm", "value": "WS2812B", "mount_type": "smt", "place": true}, {"pos_x": 60.63, "pos_y": -184.15, "rotation": 180.0, "side": "top", "designator": "D78", "mpn": null, "pack": "LED_WS2812B-2020_PLCC4_2.0x2.0mm", "value": "WS2812B", "mount_type": "smt", "place": true}, {"pos_x": 75.87, "pos_y": -184.15, "rotation": 180.0, "side": "top", "designator": "D75", "mpn": null, "pack": "LED_WS2812B-2020_PLCC4_2.0x2.0mm", "value": "WS2812B", "mount_type": "smt", "place": true}, {"pos_x": 105.837, "pos_y": -126.492, "rotation": 0.0, "side": "top", "designator": "U9", "mpn": null, "pack": "RP2040-QFN-56", "value": "RP2040", "mount_type": "smt", "place": true}, {"pos_x": 106.35, "pos_y": -135.89, "rotation": 180.0, "side": "top", "designator": "D89", "mpn": null, "pack": "LED_WS2812B-2020_PLCC4_2.0x2.0mm", "value": "WS2812B", "mount_type": "smt", "place": true}, {"pos_x": 110.1756, "pos_y": -151.1294, "rotation": 90.0, "side": "top", "designator": "D29", "mpn": null, "pack": "LED_WS2812B-2020_PLCC4_2.0x2.0mm", "value": "WS2812B", "mount_type": "smt", "place": true}, {"pos_x": 106.35, "pos_y": -138.43, "rotation": 180.0, "side": "top", "designator": "D90", "mpn": null, "pack": "LED_WS2812B-2020_PLCC4_2.0x2.0mm", "value": "WS2812B", "mount_type": "smt", "place": true}, {"pos_x": 110.1424, "pos_y": -168.9094, "rotation": 90.0, "side": "top", "designator": "D59", "mpn": null, "pack": "LED_WS2812B-2020_PLCC4_2.0x2.0mm", "value": "WS2812B", "mount_type": "smt", "place": true}, {"pos_x": 98.984, "pos_y": -121.158, "rotation": 55.0, "side": "bottom", "designator": "C12", "mpn": null, "pack": "C_0402_1005Metric", "value": "1u", "mount_type": "smt", "place": true}, {"pos_x": 47.93, "pos_y": -179.07, "rotation": 180.0, "side": "bottom", "designator": "FID2", "mpn": null, "pack": "Fiducial_1mm_Mask2mm", "value": "Fiducial", "mount_type": "smt", "place": true}, {"pos_x": 51.994, "pos_y": -111.125, "rotation": 90.0, "side": "bottom", "designator": "F1", "mpn": null, "pack": "Fuse_1206_3216Metric_Pad1.42x1.75mm_HandSolder", "value": "FUSE", "mount_type": "smt", "place": true}, {"pos_x": 116.129, "pos_y": -124.968, "rotation": 180.0, "side": "bottom", "designator": "TP1", "mpn": null, "pack": "TestPoint_Pad_D1.0mm", "value": "GPIO 16", "mount_type": "tht", "place": true}, {"pos_x": 82.982, "pos_y": -118.5795, "rotation": 90.0, "side": "bottom", "designator": "C6", "mpn": null, "pack": "C_1206_3216Metric_Pad1.33x1.80mm_HandSolder", "value": "100uF", "mount_type": "smt", "place": true}, {"pos_x": 116.129, "pos_y": -127.0, "rotation": 180.0, "side": "bottom", "designator": "TP2", "mpn": null, "pack": "TestPoint_Pad_D1.0mm", "value": "GPIO 17", "mount_type": "tht", "place": true}, {"pos_x": 80.442, "pos_y": -117.602, "rotation": 180.0, "side": "bottom", "designator": "TP6", "mpn": null, "pack": "TestPoint_D0.75mm", "value": "VREF", "mount_type": "smt", "place": true}, {"pos_x": 48.438, "pos_y": -136.396, "rotation": 90.0, "side": "bottom", "designator": "R16", "mpn": null, "pack": "R_0402_1005Metric", "value": "47K", "mount_type": "smt", "place": true}, {"pos_x": 69.52, "pos_y": -115.79, "rotation": 90.0, "side": "bottom", "designator": "D62", "mpn": null, "pack": "D_SOD-323", "value": "1N5819", "mount_type": "smt", "place": true}, {"pos_x": 43.358, "pos_y": -138.682, "rotation": -90.0, "side": "bottom", "designator": "R22", "mpn": null, "pack": "R_0402_1005Metric", "value": "1K", "mount_type": "smt", "place": true}, {"pos_x": 48.057001, "pos_y": -112.014, "rotation": 90.0, "side": "bottom", "designator": "JP6", "mpn": null, "pack": "SolderJumper_2_Open_Small", "value": "SolderJumper_2_Open", "mount_type": "smt", "place": true}, {"pos_x": 63.551, "pos_y": -120.65, "rotation": 90.0, "side": "bottom", "designator": "D66", "mpn": null, "pack": "D_SOD-323", "value": "1N4148", "mount_type": "smt", "place": true}, {"pos_x": 55.0796, "pos_y": -168.4942, "rotation": 180.0, "side": "bottom", "designator": "F5", "mpn": null, "pack": "LQFP44_Tight", "value": "CH446Q", "mount_type": "smt", "place": true}, {"pos_x": 103.81, "pos_y": -179.07, "rotation": 180.0, "side": "bottom", "designator": "FID3", "mpn": null, "pack": "Fiducial_1mm_Mask2mm", "value": "Fiducial", "mount_type": "smt", "place": true}, {"pos_x": 42.85, "pos_y": -111.76, "rotation": 180.0, "side": "bottom", "designator": "FID4", "mpn": null, "pack": "Fiducial_1mm_Mask2mm", "value": "Fiducial", "mount_type": "smt", "place": true}, {"pos_x": 91.11, "pos_y": -179.07, "rotation": 0.0, "side": "bottom", "designator": "R4", "mpn": null, "pack": "R_0603_1608Metric", "value": "2\u03a9", "mount_type": "smt", "place": true}, {"pos_x": 77.648, "pos_y": -133.985, "rotation": 90.0, "side": "bottom", "designator": "JP14", "mpn": null, "pack": "SolderJumper_2_Bridged_Small", "value": "Jumper_2_Bridged", "mount_type": "smt", "place": true}, {"pos_x": 49.962, "pos_y": -134.11, "rotation": 90.0, "side": "bottom", "designator": "R13", "mpn": null, "pack": "R_0402_1005Metric", "value": "21K", "mount_type": "smt", "place": true}, {"pos_x": 44.882, "pos_y": -136.394, "rotation": -90.0, "side": "bottom", "designator": "R11", "mpn": null, "pack": "R_0402_1005Metric", "value": "1K", "mount_type": "smt", "place": true}, {"pos_x": 44.882, "pos_y": -138.682, "rotation": -90.0, "side": "bottom", "designator": "R23", "mpn": null, "pack": "R_0402_1005Metric", "value": "1K", "mount_type": "smt", "place": true}, {"pos_x": 49.4032, "pos_y": -115.1382, "rotation": 180.0, "side": "bottom", "designator": "D91", "mpn": null, "pack": "LED_1206_REVERSEMOUNT_OVAL", "value": "LED", "mount_type": "smt", "place": true}, {"pos_x": 116.129, "pos_y": -131.064, "rotation": 180.0, "side": "bottom", "designator": "TP4", "mpn": null, "pack": "TestPoint_Pad_D1.0mm", "value": "GPIO 19", "mount_type": "tht", "place": true}, {"pos_x": 111.049, "pos_y": -120.777, "rotation": 80.0, "side": "bottom", "designator": "C14", "mpn": null, "pack": "C_0402_1005Metric", "value": "27p", "mount_type": "smt", "place": true}, {"pos_x": 41.834, "pos_y": -138.682, "rotation": -90.0, "side": "bottom", "designator": "R21", "mpn": null, "pack": "R_0402_1005Metric", "value": "1K", "mount_type": "smt", "place": true}, {"pos_x": 68.7176, "pos_y": -150.6908, "rotation": 180.0, "side": "bottom", "designator": "I1", "mpn": null, "pack": "LQFP44_Tight", "value": "CH446Q", "mount_type": "smt", "place": true}, {"pos_x": 116.51, "pos_y": -142.24, "rotation": 90.0, "side": "bottom", "designator": "TP15", "mpn": null, "pack": "TestPoint_D0.75mm", "value": "LED DOUT", "mount_type": "smt", "place": true}, {"pos_x": 60.757, "pos_y": -179.07, "rotation": 0.0, "side": "bottom", "designator": "R1", "mpn": null, "pack": "R_0603_1608Metric", "value": "2\u03a9", "mount_type": "smt", "place": true}, {"pos_x": 46.914, "pos_y": -138.682, "rotation": 90.0, "side": "bottom", "designator": "R17", "mpn": null, "pack": "R_0402_1005Metric", "value": "68K", "mount_type": "smt", "place": true}, {"pos_x": 52.465595, "pos_y": -123.4582, "rotation": -90.0, "side": "bottom", "designator": "JP12", "mpn": null, "pack": "SolderJumper_2_Bridged_Small", "value": "DAC_PWR-", "mount_type": "smt", "place": true}, {"pos_x": 110.0076, "pos_y": -111.9378, "rotation": 135.0, "side": "bottom", "designator": "SW1", "mpn": null, "pack": "SW_SPST_TL3342", "value": "USB BOOT", "mount_type": "smt", "place": true}, {"pos_x": 41.834, "pos_y": -136.396, "rotation": -90.0, "side": "bottom", "designator": "R7", "mpn": null, "pack": "R_0402_1005Metric", "value": "1K", "mount_type": "smt", "place": true}, {"pos_x": 109.6896, "pos_y": -150.6888, "rotation": 180.0, "side": "bottom", "designator": "D70", "mpn": null, "pack": "LQFP44_Tight", "value": "CH446Q", "mount_type": "smt", "place": true}, {"pos_x": 49.2, "pos_y": -105.672, "rotation": 180.0, "side": "bottom", "designator": "TP8", "mpn": null, "pack": "TestPoint_D0.75mm", "value": "+-8V DAC", "mount_type": "smt", "place": true}, {"pos_x": 47.93, "pos_y": -105.672, "rotation": 180.0, "side": "bottom", "designator": "TP7", "mpn": null, "pack": "TestPoint_D0.75mm", "value": "0-5V DAC", "mount_type": "smt", "place": true}, {"pos_x": 43.678, "pos_y": -129.4185, "rotation": 90.0, "side": "bottom", "designator": "U3", "mpn": null, "pack": "SOT-23-6", "value": "MCP4725", "mount_type": "smt", "place": true}, {"pos_x": 94.539, "pos_y": -133.9596, "rotation": 90.0, "side": "bottom", "designator": "JP7", "mpn": null, "pack": "SolderJumper_2_Bridged_Small", "value": "Jumper_2_Bridged", "mount_type": "smt", "place": true}, {"pos_x": 70.917, "pos_y": -184.33, "rotation": -90.0, "side": "bottom", "designator": "C8", "mpn": null, "pack": "C_0603_1608Metric", "value": "10u", "mount_type": "smt", "place": true}, {"pos_x": 108.763, "pos_y": -117.602, "rotation": -80.0, "side": "bottom", "designator": "R3", "mpn": null, "pack": "R_0402_1005Metric", "value": "22R", "mount_type": "smt", "place": true}, {"pos_x": 44.501, "pos_y": -115.1128, "rotation": 90.0, "side": "bottom", "designator": "R24", "mpn": null, "pack": "R_0402_1005Metric", "value": "1K", "mount_type": "smt", "place": true}, {"pos_x": 111.544807, "pos_y": -129.434317, "rotation": 35.0, "side": "bottom", "designator": "C21", "mpn": null, "pack": "C_0402_1005Metric", "value": "1u", "mount_type": "smt", "place": true}, {"pos_x": 72.06, "pos_y": -120.65, "rotation": -90.0, "side": "bottom", "designator": "D68", "mpn": null, "pack": "D_SOD-323", "value": "1N5819", "mount_type": "smt", "place": true}, {"pos_x": 53.645, "pos_y": -130.937, "rotation": 90.0, "side": "bottom", "designator": "C23", "mpn": null, "pack": "C_0603_1608Metric", "value": "10uF", "mount_type": "smt", "place": true}, {"pos_x": 114.947, "pos_y": -120.439, "rotation": 90.0, "side": "bottom", "designator": "Y1", "mpn": null, "pack": "Crystal_SMD_3225-4Pin_3.2x2.5mm", "value": "ABLS-12.000MHZ-B4-T", "mount_type": "smt", "place": true}, {"pos_x": 72.8674, "pos_y": -133.9342, "rotation": 90.0, "side": "bottom", "designator": "JP1", "mpn": null, "pack": "SolderJumper_2_Bridged_Small", "value": "NANO 3V3", "mount_type": "smt", "place": true}, {"pos_x": 60.376, "pos_y": -134.62, "rotation": -90.0, "side": "bottom", "designator": "U7", "mpn": null, "pack": "SOIC-14_3.9x8.7mm_P1.27mm", "value": "LM324", "mount_type": "smt", "place": true}, {"pos_x": 72.06, "pos_y": -115.824, "rotation": -90.0, "side": "bottom", "designator": "D61", "mpn": null, "pack": "D_SOD-323", "value": "1N5819", "mount_type": "smt", "place": true}, {"pos_x": 45.517, "pos_y": -121.985, "rotation": -90.0, "side": "bottom", "designator": "U10", "mpn": null, "pack": "SOIC-16_3.9x9.9mm_P1.27mm", "value": "L272D", "mount_type": "smt", "place": true}, {"pos_x": 100.762, "pos_y": -117.475, "rotation": -167.5, "side": "bottom", "designator": "C9", "mpn": null, "pack": "C_0402_1005Metric", "value": "1u", "mount_type": "smt", "place": true}, {"pos_x": 68.6696, "pos_y": -168.4942, "rotation": 180.0, "side": "bottom", "designator": "J6", "mpn": null, "pack": "LQFP44_Tight", "value": "CH446Q", "mount_type": "smt", "place": true}, {"pos_x": 48.438, "pos_y": -138.682, "rotation": 90.0, "side": "bottom", "designator": "R20", "mpn": null, "pack": "R_0402_1005Metric", "value": "68K", "mount_type": "smt", "place": true}, {"pos_x": 43.358, "pos_y": -134.11, "rotation": -90.0, "side": "bottom", "designator": "R8", "mpn": null, "pack": "R_0402_1005Metric", "value": "1K", "mount_type": "smt", "place": true}, {"pos_x": 49.962, "pos_y": -136.396, "rotation": 90.0, "side": "bottom", "designator": "R15", "mpn": null, "pack": "R_0402_1005Metric", "value": "47K", "mount_type": "smt", "place": true}, {"pos_x": 56.82, "pos_y": -105.664, "rotation": 180.0, "side": "bottom", "designator": "TP10", "mpn": null, "pack": "TestPoint_D0.75mm", "value": "ADC 1", "mount_type": "smt", "place": true}, {"pos_x": 41.39, "pos_y": -150.7188, "rotation": 180.0, "side": "bottom", "designator": "A2", "mpn": null, "pack": "LQFP44_Tight", "value": "CH446Q", "mount_type": "smt", "place": true}, {"pos_x": 93.015, "pos_y": -133.9596, "rotation": 90.0, "side": "bottom", "designator": "JP3", "mpn": null, "pack": "SolderJumper_2_Bridged_Small", "value": "Jumper_2_Bridged", "mount_type": "smt", "place": true}, {"pos_x": 116.129, "pos_y": -129.032, "rotation": 180.0, "side": "bottom", "designator": "TP3", "mpn": null, "pack": "TestPoint_Pad_D1.0mm", "value": "GPIO 18", "mount_type": "tht", "place": true}, {"pos_x": 85.522, "pos_y": -118.5795, "rotation": 90.0, "side": "bottom", "designator": "C4", "mpn": null, "pack": "C_1206_3216Metric_Pad1.33x1.80mm_HandSolder", "value": "100uF", "mount_type": "smt", "place": true}, {"pos_x": 46.152, "pos_y": -112.014001, "rotation": 90.0, "side": "bottom", "designator": "JP5", "mpn": null, "pack": "SolderJumper_2_Open_Small", "value": "SolderJumper_2_Open", "mount_type": "smt", "place": true}, {"pos_x": 100.635, "pos_y": -110.49, "rotation": -90.0, "side": "bottom", "designator": "U8", "mpn": null, "pack": "SOIC-8_5.23x5.23mm_P1.27mm", "value": "W25Q128JVS", "mount_type": "smt", "place": true}, {"pos_x": 103.429, "pos_y": -121.031, "rotation": 110.0, "side": "bottom", "designator": "C19", "mpn": null, "pack": "C_0402_1005Metric", "value": "1u", "mount_type": "smt", "place": true}, {"pos_x": 95.9996, "pos_y": -168.4942, "rotation": 180.0, "side": "bottom", "designator": "G1", "mpn": null, "pack": "LQFP44_Tight", "value": "CH446Q", "mount_type": "smt", "place": true}, {"pos_x": 110.795, "pos_y": -124.968, "rotation": -7.5, "side": "bottom", "designator": "R12", "mpn": null, "pack": "R_0402_1005Metric", "value": "1k", "mount_type": "smt", "place": true}, {"pos_x": 43.358, "pos_y": -136.396, "rotation": -90.0, "side": "bottom", "designator": "R9", "mpn": null, "pack": "R_0402_1005Metric", "value": "1K", "mount_type": "smt", "place": true}, {"pos_x": 115.367, "pos_y": -160.033, "rotation": -90.0, "side": "bottom", "designator": "C16", "mpn": null, "pack": "C_0603_1608Metric", "value": "10uF", "mount_type": "smt", "place": true}, {"pos_x": 54.28, "pos_y": -105.664, "rotation": 180.0, "side": "bottom", "designator": "TP12", "mpn": null, "pack": "TestPoint_D0.75mm", "value": "ADC 3", "mount_type": "smt", "place": true}, {"pos_x": 55.0672, "pos_y": -150.6908, "rotation": 180.0, "side": "bottom", "designator": "B1", "mpn": null, "pack": "LQFP44_Tight", "value": "CH446Q", "mount_type": "smt", "place": true}, {"pos_x": 35.88, "pos_y": -117.094, "rotation": -90.0, "side": "bottom", "designator": "TP13", "mpn": null, "pack": "TestPoint_D0.75mm", "value": "-8V", "mount_type": "smt", "place": true}, {"pos_x": 41.4656, "pos_y": -168.4942, "rotation": 180.0, "side": "bottom", "designator": "E1", "mpn": null, "pack": "LQFP44_Tight", "value": "CH446Q", "mount_type": "smt", "place": true}, {"pos_x": 35.865, "pos_y": -115.316, "rotation": -90.0, "side": "bottom", "designator": "TP14", "mpn": null, "pack": "TestPoint_D0.75mm", "value": "+8V", "mount_type": "smt", "place": true}, {"pos_x": 80.442, "pos_y": -119.634, "rotation": 180.0, "side": "bottom", "designator": "TP5", "mpn": null, "pack": "TestPoint_D0.75mm", "value": "FB/SHDN", "mount_type": "smt", "place": true}, {"pos_x": 66.98, "pos_y": -120.65, "rotation": -90.0, "side": "bottom", "designator": "D65", "mpn": null, "pack": "D_SOD-323", "value": "1N5819", "mount_type": "smt", "place": true}, {"pos_x": 74.3914, "pos_y": -133.9342, "rotation": 90.0, "side": "bottom", "designator": "JP2", "mpn": null, "pack": "SolderJumper_2_Bridged_Small", "value": "NANO 5V", "mount_type": "smt", "place": true}, {"pos_x": 91.11, "pos_y": -182.753, "rotation": 180.0, "side": "bottom", "designator": "U6", "mpn": null, "pack": "SOIC-8_3.9x4.9mm_P1.27mm", "value": "INA219", "mount_type": "smt", "place": true}, {"pos_x": 109.7132, "pos_y": -168.4942, "rotation": 180.0, "side": "bottom", "designator": "H1", "mpn": null, "pack": "LQFP44_Tight", "value": "CH446Q", "mount_type": "smt", "place": true}, {"pos_x": 46.914, "pos_y": -134.11, "rotation": -90.0, "side": "bottom", "designator": "R14", "mpn": null, "pack": "R_0402_1005Metric", "value": "21K", "mount_type": "smt", "place": true}, {"pos_x": 98.984, "pos_y": -129.794, "rotation": -122.5, "side": "bottom", "designator": "C18", "mpn": null, "pack": "C_0402_1005Metric", "value": "1u", "mount_type": "smt", "place": true}, {"pos_x": 104.826, "pos_y": -114.808, "rotation": 115.0, "side": "bottom", "designator": "R5", "mpn": null, "pack": "R_0402_1005Metric", "value": "1k", "mount_type": "smt", "place": true}, {"pos_x": 104.699, "pos_y": -132.588, "rotation": -60.0, "side": "bottom", "designator": "C11", "mpn": null, "pack": "C_0402_1005Metric", "value": "1u", "mount_type": "smt", "place": true}, {"pos_x": 70.917, "pos_y": -180.454, "rotation": -90.0, "side": "bottom", "designator": "C7", "mpn": null, "pack": "C_0603_1608Metric", "value": "10u", "mount_type": "smt", "place": true}, {"pos_x": 46.914, "pos_y": -136.396, "rotation": 90.0, "side": "bottom", "designator": "R19", "mpn": null, "pack": "R_0402_1005Metric", "value": "47K", "mount_type": "smt", "place": true}, {"pos_x": 79.1466, "pos_y": -133.985, "rotation": 90.0, "side": "bottom", "designator": "JP13", "mpn": null, "pack": "SolderJumper_2_Bridged_Small", "value": "Jumper_2_Bridged", "mount_type": "smt", "place": true}, {"pos_x": 76.784, "pos_y": -182.372, "rotation": 0.0, "side": "bottom", "designator": "U2", "mpn": null, "pack": "SOT-223-3_TabPin2", "value": "NCP1117-3.3_SOT223", "mount_type": "smt", "place": true}, {"pos_x": 69.52, "pos_y": -120.65, "rotation": 90.0, "side": "bottom", "designator": "D67", "mpn": null, "pack": "D_SOD-323", "value": "1N5819", "mount_type": "smt", "place": true}, {"pos_x": 57.836, "pos_y": -115.79, "rotation": -90.0, "side": "bottom", "designator": "JP4", "mpn": null, "pack": "SolderJumper_2_Bridged_Small", "value": "SolderJumper_2_Bridged", "mount_type": "smt", "place": true}, {"pos_x": 58.09, "pos_y": -105.664, "rotation": 180.0, "side": "bottom", "designator": "TP9", "mpn": null, "pack": "TestPoint_D0.75mm", "value": "ADC 0", "mount_type": "smt", "place": true}, {"pos_x": 65.964, "pos_y": -182.88, "rotation": 90.0, "side": "bottom", "designator": "C22", "mpn": null, "pack": "C_0603_1608Metric", "value": "10uF", "mount_type": "smt", "place": true}, {"pos_x": 55.55, "pos_y": -105.664, "rotation": 180.0, "side": "bottom", "designator": "TP11", "mpn": null, "pack": "TestPoint_D0.75mm", "value": "ADC 2", "mount_type": "smt", "place": true}, {"pos_x": 105.588, "pos_y": -118.745, "rotation": -12.5, "side": "bottom", "designator": "R2", "mpn": null, "pack": "R_0402_1005Metric", "value": "22R", "mount_type": "smt", "place": true}, {"pos_x": 63.424, "pos_y": -115.79, "rotation": -90.0, "side": "bottom", "designator": "D63", "mpn": null, "pack": "D_SOD-323", "value": "1N4148", "mount_type": "smt", "place": true}, {"pos_x": 52.465595, "pos_y": -120.5118, "rotation": -90.0, "side": "bottom", "designator": "JP11", "mpn": null, "pack": "SolderJumper_2_Bridged_Small", "value": "DAC_PWR+", "mount_type": "smt", "place": true}, {"pos_x": 44.882, "pos_y": -134.108, "rotation": -90.0, "side": "bottom", "designator": "R10", "mpn": null, "pack": "R_0402_1005Metric", "value": "1K", "mount_type": "smt", "place": true}, {"pos_x": 60.757, "pos_y": -120.65, "rotation": -90.0, "side": "bottom", "designator": "D69", "mpn": null, "pack": "D_SOD-323", "value": "1N4148", "mount_type": "smt", "place": true}, {"pos_x": 41.834, "pos_y": -134.11, "rotation": -90.0, "side": "bottom", "designator": "R6", "mpn": null, "pack": "R_0402_1005Metric", "value": "1K", "mount_type": "smt", "place": true}, {"pos_x": 57.709, "pos_y": -120.777, "rotation": 90.0, "side": "bottom", "designator": "JP8", "mpn": null, "pack": "SolderJumper_2_Bridged_Small", "value": "SolderJumper_2_Bridged", "mount_type": "smt", "place": true}, {"pos_x": 54.534, "pos_y": -111.125, "rotation": 90.0, "side": "bottom", "designator": "F4", "mpn": null, "pack": "Fuse_1206_3216Metric_Pad1.42x1.75mm_HandSolder", "value": "PTC Fuse", "mount_type": "smt", "place": true}, {"pos_x": 96.0226, "pos_y": -150.6888, "rotation": 180.0, "side": "bottom", "designator": "C26", "mpn": null, "pack": "LQFP44_Tight", "value": "CH446Q", "mount_type": "smt", "place": true}, {"pos_x": 107.62, "pos_y": -122.174, "rotation": -110.0, "side": "bottom", "designator": "C13", "mpn": null, "pack": "C_0402_1005Metric", "value": "27p", "mount_type": "smt", "place": true}, {"pos_x": 89.205, "pos_y": -133.9596, "rotation": 90.0, "side": "bottom", "designator": "JP9", "mpn": null, "pack": "SolderJumper_2_Bridged_Small", "value": "Jumper_2_Bridged", "mount_type": "smt", "place": true}, {"pos_x": 88.062, "pos_y": -118.5795, "rotation": -90.0, "side": "bottom", "designator": "C1", "mpn": null, "pack": "C_1206_3216Metric_Pad1.33x1.80mm_HandSolder", "value": "100uF", "mount_type": "smt", "place": true}, {"pos_x": 60.884, "pos_y": -115.79, "rotation": 90.0, "side": "bottom", "designator": "D64", "mpn": null, "pack": "D_SOD-323", "value": "1N4148", "mount_type": "smt", "place": true}, {"pos_x": 82.3596, "pos_y": -168.4942, "rotation": 180.0, "side": "bottom", "designator": "K1", "mpn": null, "pack": "LQFP44_Tight", "value": "CH446Q", "mount_type": "smt", "place": true}, {"pos_x": 104.953, "pos_y": -124.079, "rotation": -147.5, "side": "bottom", "designator": "C20", "mpn": null, "pack": "C_0402_1005Metric", "value": "1u", "mount_type": "smt", "place": true}, {"pos_x": 49.962, "pos_y": -138.682, "rotation": 90.0, "side": "bottom", "designator": "R18", "mpn": null, "pack": "R_0402_1005Metric", "value": "68K", "mount_type": "smt", "place": true}, {"pos_x": 87.681, "pos_y": -133.9596, "rotation": 90.0, "side": "bottom", "designator": "JP10", "mpn": null, "pack": "SolderJumper_2_Bridged_Small", "value": "Jumper_2_Bridged", "mount_type": "smt", "place": true}, {"pos_x": 36.5, "pos_y": -160.02, "rotation": 90.0, "side": "bottom", "designator": "C25", "mpn": null, "pack": "C_0603_1608Metric", "value": "10uF", "mount_type": "smt", "place": true}, {"pos_x": 60.63, "pos_y": -182.626, "rotation": 180.0, "side": "bottom", "designator": "U4", "mpn": null, "pack": "SOIC-8_3.9x4.9mm_P1.27mm", "value": "INA219", "mount_type": "smt", "place": true}]